{"cameraMode":{"drawMode":0,"name":"Shaded","section":"Shading Mode"},"sceneLighting":true,"audioPlay":false,"sceneViewState":{"m_AlwaysRefresh":false,"showFog":true,"showSkybox":true,"showFlares":true,"showImageEffects":true,"showParticleSystems":true,"showVisualEffectGraphs":true,"m_FxEnabled":true},"in2DMode":false,"pivot":{"x":1.970975399017334,"y":0.97356778383255,"z":-0.837660551071167},"rotation":{"x":0.08565808832645416,"y":-0.12075457721948624,"z":0.010454760864377022,"w":0.9889608025550842},"size":1.5021452903747559,"orthographic":true}