{"cameraMode":{"drawMode":0,"name":"Shaded","section":"Shading Mode"},"sceneLighting":true,"audioPlay":false,"sceneViewState":{"m_AlwaysRefresh":false,"showFog":true,"showSkybox":true,"showFlares":true,"showImageEffects":true,"showParticleSystems":true,"showVisualEffectGraphs":true,"m_FxEnabled":true},"in2DMode":false,"pivot":{"x":-0.26007187366485598,"y":-0.19732379913330079,"z":0.08735775947570801},"rotation":{"x":0.1555095762014389,"y":-0.2969326972961426,"z":0.04914353787899017,"w":0.9409388899803162},"size":1.918513298034668,"orthographic":true}