{"cameraMode":{"drawMode":0,"name":"Shaded","section":"Shading Mode"},"sceneLighting":true,"audioPlay":false,"sceneViewState":{"m_AlwaysRefresh":false,"showFog":true,"showSkybox":true,"showFlares":true,"showImageEffects":true,"showParticleSystems":true,"showVisualEffectGraphs":true,"m_FxEnabled":true},"in2DMode":false,"pivot":{"x":0.2680399417877197,"y":-0.20974338054656983,"z":0.0009026527404785156},"rotation":{"x":0.17777183651924134,"y":0.15137723088264466,"z":-0.02768007665872574,"w":0.9719718098640442},"size":1.4474753141403199,"orthographic":true}